<?xml version="1.0" encoding="UTF-8" standalone="no"?>
<!-- Generated 20 ene. 2021 12:08:17 by Hibernate Tools 5.4.21.Final --><!DOCTYPE hibernate-mapping PUBLIC "-//Hibernate/Hibernate Mapping DTD 3.0//EN" "http://www.hibernate.org/dtd/hibernate-mapping-3.0.dtd">
<hibernate-mapping auto-import="true" default-access="property" default-cascade="none" default-lazy="true">
    <class catalog="bd_neptuno" dynamic-insert="false" dynamic-update="false" mutable="true" name="modelo_neptuno.Categorias" optimistic-lock="version" polymorphism="implicit" select-before-update="false" table="categorias">
        <id name="id" type="java.lang.Integer">
            <column name="id"/>
            <generator class="identity"/>
        </id>
        <property generated="never" lazy="false" name="categoria" optimistic-lock="true" type="string" unique="false">
            <column length="15" name="categoria" not-null="true" unique="true"/>
        </property>
        <property generated="never" lazy="false" name="descripcion" optimistic-lock="true" type="string" unique="false">
            <column length="65535" name="descripcion"/>
        </property>
        <set embed-xml="true" fetch="select" inverse="true" lazy="true" mutable="true" name="productoses" optimistic-lock="true" sort="unsorted" table="productos">
            <key on-delete="noaction">
                <column name="categoria_id"/>
            </key>
            <one-to-many class="modelo_neptuno.Productos" embed-xml="true" not-found="exception"/>
        </set>
    </class>
</hibernate-mapping>
