<?xml version="1.0" encoding="UTF-8" standalone="no"?>
<!-- Generated 20 ene. 2021 12:08:17 by Hibernate Tools 5.4.21.Final --><!DOCTYPE hibernate-mapping PUBLIC "-//Hibernate/Hibernate Mapping DTD 3.0//EN" "http://www.hibernate.org/dtd/hibernate-mapping-3.0.dtd">
<hibernate-mapping auto-import="true" default-access="property" default-cascade="none" default-lazy="true">
    <class catalog="bd_neptuno" dynamic-insert="false" dynamic-update="false" mutable="true" name="modelo_neptuno.User" optimistic-lock="version" polymorphism="implicit" select-before-update="false" table="user">
        <id name="id" type="int">
            <column name="id"/>
            <generator class="assigned"/>
        </id>
        <property generated="never" lazy="false" name="userMessage" optimistic-lock="true" type="string" unique="false">
            <column name="userMessage"/>
        </property>
        <property generated="never" lazy="false" name="userName" optimistic-lock="true" type="string" unique="false">
            <column name="userName"/>
        </property>
    </class>
</hibernate-mapping>
